District_Name_EN,District_Name_TC,Venue_Name_EN,Venue_Name_TC,Venue_Address_EN,Venue_Address_TC,Venue_Phone_No.,Venue_Longitude,Venue_Latitude,Facility_Type_Name_EN,Facility_Type_Name_TC,Facility_Location_Name_EN,Facility_Location_Name_TC,Available_Date,Session_Start_Time,Session_End_Time,Record Date,Available_Courts,Record Time,Changes,Status
Sai Kung,西貢區,Hong Kong Velodrome,香港單車館,"105 - 107 Po Hong Road, Tseung Kwan O",將軍澳寶康路 105 至107號,2878 8622,114.26252,22.31314,Badminton Court (NT),羽毛球場 (新界區),Arena,主場,2026-09-09,10:00,11:00,2026-09-06,0,00:05:50.528055,-1,Removed
Tuen Mun,屯門區,JC Tuen Mun Butterfly Beach Sports Centre,賽馬會屯門蝴蝶灣體育館,"11 Wu Shan Road, Tuen Mun, N.T.",新界屯門湖山路11號,2465 7610,113.96469987,22.37869116,Badminton Court (NT),羽毛球場 (新界區),Arena,主場,2026-09-11,07:00,08:00,2026-09-06,8,00:05:50.528055,4,Added
Islands,離島區,Cheung Chau Sports Centre (Adjacent to St. John Hospital),長洲體育館 (毗鄰長洲醫院）,"3 Cheung Chau Hospital Road, Cheung Chau",長洲醫院路三號,2981 6285,114.03117753,22.20750832,Badminton Court (NT),羽毛球場 (新界區),Arena,主場,2026-09-11,11:00,12:00,2026-09-06,0,00:11:01.412145,-4,Removed
Tsuen Wan,荃灣區,Yeung Uk Road Sports Centre,楊屋道體育館,"4/F Yeung Uk Road Complex, 45 Yeung Uk Road, Tsuen Wan, N.T.",新界荃灣楊屋道45號楊屋道綜合大樓4樓,2415 4445,114.1145206,22.36899301,Badminton Court (NT),羽毛球場 (新界區),Arena,主場,2026-09-10,09:00,10:00,2026-09-06,6,00:11:01.412145,1,Added
Tuen Mun,屯門區,JC Tuen Mun Butterfly Beach Sports Centre,賽馬會屯門蝴蝶灣體育館,"11 Wu Shan Road, Tuen Mun, N.T.",新界屯門湖山路11號,2465 7610,113.96469987,22.37869116,Badminton Court (NT),羽毛球場 (新界區),Arena,主場,2026-09-09,12:00,13:00,2026-09-06,5,00:11:01.412145,-1,Removed
Tuen Mun,屯門區,JC Tuen Mun Butterfly Beach Sports Centre,賽馬會屯門蝴蝶灣體育館,"11 Wu Shan Road, Tuen Mun, N.T.",新界屯門湖山路11號,2465 7610,113.96469987,22.37869116,Badminton Court (NT),羽毛球場 (新界區),Arena,主場,2026-09-09,13:00,14:00,2026-09-06,2,00:11:01.412145,-1,Removed
Yau Tsim Mong,油尖旺區,Kowloon Park Sports Centre,九龍公園體育館,"22 Austin Road, Tsim Sha Tsui, Kowloon",九龍尖沙咀柯士甸道22號,2724 3120,114.16975107,22.30179026,Badminton Court (A/C)(Urban),羽毛球場 (空調)(市區),Arena,主場,2026-09-11,08:00,09:00,2026-09-06,4,00:11:01.412145,-1,Removed
Central & Western,中西區,Hong Kong Park Sports Centre,香港公園體育館,"29 Cotton Tree Drive, Queensway, Hong Kong",香港金鐘紅棉道29號,25215072,114.15929239,22.27734356,Badminton Court (A/C)(Urban),羽毛球場 (空調)(市區),Arena,主場,2026-09-10,07:00,08:00,2026-09-06,1,00:15:55.152808,-1,Removed
Sham Shui Po,深水埗區,Sham Shui Po Sports Centre,深水埗體育館,"2/F., Sham Shui Po Leisure and Cultural Building, 38 Sham Mong Road, Sham Shui Po, Kowloon",九龍深水埗深旺道38號深水埗康樂文化大樓2樓,2360 2276,114.14904355954668,22.330169126215697,Badminton Court (A/C)(Urban),羽毛球場 (空調)(市區),Arena,主場,2026-09-11,07:00,08:00,2026-09-06,4,00:15:55.152808,-4,Removed
Islands,離島區,Cheung Chau Sports Centre (Adjacent to St. John Hospital),長洲體育館 (毗鄰長洲醫院）,"3 Cheung Chau Hospital Road, Cheung Chau",長洲醫院路三號,2981 6285,114.03117753,22.20750832,Badminton Court (NT),羽毛球場 (新界區),Arena,主場,2026-09-11,11:00,12:00,2026-09-06,4,00:21:01.101466,4,Added
North,北區,Po Wing Road Sports Centre,保榮路體育館,"19 Pak Wo Road, Sheung Shui, N.T.",新界上水百和路19號,2639 2979,114.12834,22.49698,Badminton Court (NT),羽毛球場 (新界區),Arena,主場,2026-09-11,08:00,09:00,2026-09-06,2,00:21:01.101466,-4,Removed
North,北區,Po Wing Road Sports Centre,保榮路體育館,"19 Pak Wo Road, Sheung Shui, N.T.",新界上水百和路19號,2639 2979,114.12834,22.49698,Badminton Court (NT),羽毛球場 (新界區),Arena,主場,2026-09-11,09:00,10:00,2026-09-06,0,00:21:01.101466,-4,Removed
North,北區,Wo Hing Sports Centre,和興體育館,"8 Wo Ming Lane, Fanling N.T.",新界粉嶺和鳴里8號,26697057,114.1431354,22.48475411,Badminton Court (NT),羽毛球場 (新界區),Arena,主場,2026-09-11,14:00,15:00,2026-09-06,1,00:21:01.101466,-1,Removed
North,北區,Wo Hing Sports Centre,和興體育館,"8 Wo Ming Lane, Fanling N.T.",新界粉嶺和鳴里8號,26697057,114.1431354,22.48475411,Badminton Court (NT),羽毛球場 (新界區),Arena,主場,2026-09-11,15:00,16:00,2026-09-06,1,00:21:01.101466,-1,Removed
Kwun Tong,觀塘區,Ngau Tau Kok Road Sports Centre,牛頭角道體育館,"3/F-4/F, Ngau Tau Kok Municipal Services Building, 183 Ngau Tau Kok Road, Kowloon",九龍牛頭角道183 號牛頭角市政大廈3-4樓,2756 3466,114.21637824,22.32148134,Badminton Court (A/C)(Urban),羽毛球場 (空調)(市區),Arena,主場,2026-09-11,12:00,13:00,2026-09-06,0,00:25:53.154445,-1,Removed
Kwun Tong,觀塘區,Shun Lee Tsuen Sports Centre,順利邨體育館,"No. 33, Shun Lee Tsuen Road, Kwun Tong, Kowloon",九龍觀塘順利村道33號,2951 4136,114.22544,22.32969,Badminton Court (A/C)(Urban),羽毛球場 (空調)(市區),Arena,主場,2026-09-09,14:00,15:00,2026-09-06,1,00:25:53.154445,-1,Removed
North,北區,Po Wing Road Sports Centre,保榮路體育館,"19 Pak Wo Road, Sheung Shui, N.T.",新界上水百和路19號,2639 2979,114.12834,22.49698,Badminton Court (NT),羽毛球場 (新界區),Arena,主場,2026-09-11,08:00,09:00,2026-09-06,6,00:25:53.154445,4,Added
North,北區,Po Wing Road Sports Centre,保榮路體育館,"19 Pak Wo Road, Sheung Shui, N.T.",新界上水百和路19號,2639 2979,114.12834,22.49698,Badminton Court (NT),羽毛球場 (新界區),Arena,主場,2026-09-11,09:00,10:00,2026-09-06,4,00:25:53.154445,4,Added
Sha Tin,沙田區,Ma On Shan Sports Centre,馬鞍山體育館,"14 On Chun Street , Ma On Shan",馬鞍山鞍駿街14號,26311597,114.22955967,22.42602405,Badminton Court (NT),羽毛球場 (新界區),Arena,主場,2026-09-11,15:00,16:00,2026-09-06,2,00:25:53.154445,-1,Removed
Sham Shui Po,深水埗區,Sham Shui Po Sports Centre,深水埗體育館,"2/F., Sham Shui Po Leisure and Cultural Building, 38 Sham Mong Road, Sham Shui Po, Kowloon",九龍深水埗深旺道38號深水埗康樂文化大樓2樓,2360 2276,114.14904355954668,22.330169126215697,Badminton Court (A/C)(Urban),羽毛球場 (空調)(市區),Arena,主場,2026-09-11,07:00,08:00,2026-09-06,8,00:25:53.154445,4,Added
Kwun Tong,觀塘區,Shui Wo Street Sports Centre,瑞和街體育館,"8/F-9/F, Shui Wo Street Municipal Services Building, 9 Shui Wo Street, Kwun Tong, Kowloon",九龍觀塘瑞和街9號瑞和街市政大廈8-9樓,2797 3350,114.22427705,22.31566352,Badminton Court (A/C)(Urban),羽毛球場 (空調)(市區),Arena,主場,2026-09-11,11:00,12:00,2026-09-06,0,00:31:06.705879,-1,Removed
Sha Tin,沙田區,Ma On Shan Sports Centre,馬鞍山體育館,"14 On Chun Street , Ma On Shan",馬鞍山鞍駿街14號,26311597,114.22955967,22.42602405,Badminton Court (NT),羽毛球場 (新界區),Arena,主場,2026-09-11,15:00,16:00,2026-09-06,3,00:31:06.705879,1,Added
Wong Tai Sin ,黃大仙區 ,Po Kong Village Road Sports Centre,蒲崗村道體育館,"120 Po Kong Village Road, Wong Tai Sin, Kowloon",黃大仙蒲崗村道120號,23253585,114.20159036,22.34546046,Badminton Court (A/C)(Urban),羽毛球場 (空調)(市區),Arena,主場,2026-09-09,14:00,15:00,2026-09-06,1,00:31:06.705879,-1,Removed
Kowloon City,九龍城區,Fat Kwong Street Sports Centre,佛光街體育館,"9/F, 18 Shepherd Road, Ho Man Tin, Kowloon",九龍何文田牧愛街十八號九樓,2712 2652,114.18110602,22.31483056,Badminton Court (Urban),羽毛球場 (市區),Arena,主場,2026-09-11,14:00,15:00,2026-09-06,1,00:35:52.752444,-1,Removed
Sha Tin,沙田區,Heng On Sports Centre (Non-air-conditioned in Arena),恆安體育館 (主場非備空調),"4/F., Heng On Commercial Centre, Heng On Estate, Sha Tin, N.T.",新界沙田恆安邨恆安商場四樓,2642 0203,114.22751,22.41704,Badminton Court (NT),羽毛球場 (新界區),Arena,主場,2026-09-11,11:00,12:00,2026-09-06,2,00:35:52.752444,-1,Removed
Islands,離島區,Tung Chung Man Tung Road Sports Centre,東涌文東路體育館,"G/F to 2/F Tung Chung Municipal Services Bldg., 39 Man Tung Road, Tung Chung, N.T.",新界東涌文東路39號東涌市政大樓地下至二樓,2109 2421,113.94383087,22.29058776,Badminton Court (NT),羽毛球場 (新界區),Arena,主場,2026-09-10,09:00,10:00,2026-09-06,0,00:41:08.080718,-1,Removed
Kowloon City,九龍城區,Fat Kwong Street Sports Centre,佛光街體育館,"9/F, 18 Shepherd Road, Ho Man Tin, Kowloon",九龍何文田牧愛街十八號九樓,2712 2652,114.18110602,22.31483056,Badminton Court (Urban),羽毛球場 (市區),Arena,主場,2026-09-11,14:00,15:00,2026-09-06,2,00:45:57.489671,1,Added
Kwun Tong,觀塘區,Kowloon Bay Sports Centre,九龍灣體育館,"15 Kai Lok Street, Kowloon Bay, Kowloon",九龍九龍灣啟樂街15號,2750 9539,114.21123532,22.32686474,Badminton Court (A/C)(Urban),羽毛球場 (空調)(市區),Arena,主場,2026-09-11,14:00,15:00,2026-09-06,0,00:45:57.489671,-1,Removed
Kwun Tong,觀塘區,Kowloon Bay Sports Centre,九龍灣體育館,"15 Kai Lok Street, Kowloon Bay, Kowloon",九龍九龍灣啟樂街15號,2750 9539,114.21123532,22.32686474,Badminton Court (A/C)(Urban),羽毛球場 (空調)(市區),Arena,主場,2026-09-11,15:00,16:00,2026-09-06,0,00:45:57.489671,-1,Removed
Sha Tin,沙田區,Heng On Sports Centre (Non-air-conditioned in Arena),恆安體育館 (主場非備空調),"4/F., Heng On Commercial Centre, Heng On Estate, Sha Tin, N.T.",新界沙田恆安邨恆安商場四樓,2642 0203,114.22751,22.41704,Badminton Court (NT),羽毛球場 (新界區),Arena,主場,2026-09-11,11:00,12:00,2026-09-06,3,00:45:57.489671,1,Added
Yuen Long,元朗區 ,Ping Shan Tin Shui Wai Sports Centre,屏山天水圍體育館,"No.1, Tsui Sing Road, Tin Shui Wai, Yuen Long",元朗天水圍聚星路1號,2350 9455,114.00465358,22.44739269,Badminton Court (NT),羽毛球場 (新界區),Arena,主場,2026-09-10,12:00,13:00,2026-09-06,2,00:45:57.489671,-1,Removed
Yuen Long,元朗區 ,Ping Shan Tin Shui Wai Sports Centre,屏山天水圍體育館,"No.1, Tsui Sing Road, Tin Shui Wai, Yuen Long",元朗天水圍聚星路1號,2350 9455,114.00465358,22.44739269,Badminton Court (NT),羽毛球場 (新界區),Arena,主場,2026-09-10,13:00,14:00,2026-09-06,2,00:45:57.489671,-1,Removed
Yuen Long,元朗區 ,Tin Shui Wai Sports Centre,天水圍體育館,"No.1, Tin Pak Road, Tin Shui Wai, N.T.",新界天水圍天柏路一號,2446 4778,114.0065445,22.45501185,Badminton Court (NT),羽毛球場 (新界區),Arena,主場,2026-09-10,15:00,16:00,2026-09-06,0,00:51:07.451627,-1,Removed
Yuen Long,元朗區 ,Ping Shan Tin Shui Wai Sports Centre,屏山天水圍體育館,"No.1, Tsui Sing Road, Tin Shui Wai, Yuen Long",元朗天水圍聚星路1號,2350 9455,114.00465358,22.44739269,Badminton Court (NT),羽毛球場 (新界區),Arena,主場,2026-09-11,08:00,09:00,2026-09-06,4,00:55:55.928982,-4,Removed
Kowloon City,九龍城區,Fat Kwong Street Sports Centre,佛光街體育館,"9/F, 18 Shepherd Road, Ho Man Tin, Kowloon",九龍何文田牧愛街十八號九樓,2712 2652,114.18110602,22.31483056,Badminton Court (Urban),羽毛球場 (市區),Arena,主場,2026-09-09,10:00,11:00,2026-09-06,3,01:01:19.184853,-4,Removed
Kowloon City,九龍城區,Fat Kwong Street Sports Centre,佛光街體育館,"9/F, 18 Shepherd Road, Ho Man Tin, Kowloon",九龍何文田牧愛街十八號九樓,2712 2652,114.18110602,22.31483056,Badminton Court (Urban),羽毛球場 (市區),Arena,主場,2026-09-09,11:00,12:00,2026-09-06,2,01:01:19.184853,-4,Removed
Tuen Mun,屯門區,JC Tuen Mun Butterfly Beach Sports Centre,賽馬會屯門蝴蝶灣體育館,"11 Wu Shan Road, Tuen Mun, N.T.",新界屯門湖山路11號,2465 7610,113.96469987,22.37869116,Badminton Court (NT),羽毛球場 (新界區),Arena,主場,2026-09-11,14:00,15:00,2026-09-06,3,01:01:19.184853,-4,Removed
Tuen Mun,屯門區,JC Tuen Mun Butterfly Beach Sports Centre,賽馬會屯門蝴蝶灣體育館,"11 Wu Shan Road, Tuen Mun, N.T.",新界屯門湖山路11號,2465 7610,113.96469987,22.37869116,Badminton Court (NT),羽毛球場 (新界區),Arena,主場,2026-09-11,15:00,16:00,2026-09-06,1,01:01:19.184853,-4,Removed
Yuen Long,元朗區 ,Ping Shan Tin Shui Wai Sports Centre,屏山天水圍體育館,"No.1, Tsui Sing Road, Tin Shui Wai, Yuen Long",元朗天水圍聚星路1號,2350 9455,114.00465358,22.44739269,Badminton Court (NT),羽毛球場 (新界區),Arena,主場,2026-09-11,08:00,09:00,2026-09-06,8,01:01:19.184853,4,Added
Central & Western,中西區,Sun Yat Sen Memorial Park Sports Centre,中山紀念公園體育館,"18 Eastern Street North, Sai Ying Pun",西營盤東邊街北18號,28582493,114.14349277,22.29017362,Badminton Court (A/C)(Urban),羽毛球場 (空調)(市區),Arena,主場,2026-09-11,07:00,08:00,2026-09-06,0,01:06:01.114743,-4,Removed
Sha Tin,沙田區,Che Kung Temple Sports Centre,車公廟體育館,"No.10 Sha Tin Tau Road, Sha Tin, New Territories.",新界沙田沙田頭路10號,2790 0221,114.1859786,22.372535,Badminton Court (NT),羽毛球場 (新界區),Arena,主場,2026-09-11,09:00,10:00,2026-09-06,0,01:06:01.114743,-1,Removed
Sha Tin,沙田區,Hin Keng Sports Centre (Non-air-conditioned in Arena),顯徑體育館 (主場非備空調),"Hin Keng Commercial Centre, Hin Keng Estate, Sha Tin, N.T.",新界沙田顯徑邨顯徑商場,2605 8407,114.17134025,22.36307184,Badminton Court (NT),羽毛球場 (新界區),Arena,主場,2026-09-11,14:00,15:00,2026-09-06,1,01:06:01.114743,-1,Removed
Kwai Tsing,葵青區,North Kwai Chung Tang Shiu Kin Sports Centre,北葵涌鄧肇堅體育館,"292 Wo Yi Hop Road, Kwai Chung, N.T.",新界葵涌和宜合道292號,2426 3269,114.13753056,22.37367805,Badminton Court (NT),羽毛球場 (新界區),Arena,主場,2026-09-11,11:00,12:00,2026-09-06,2,01:11:10.263981,-1,Removed
Kwai Tsing,葵青區,North Kwai Chung Tang Shiu Kin Sports Centre,北葵涌鄧肇堅體育館,"292 Wo Yi Hop Road, Kwai Chung, N.T.",新界葵涌和宜合道292號,2426 3269,114.13753056,22.37367805,Badminton Court (NT),羽毛球場 (新界區),Arena,主場,2026-09-11,12:00,13:00,2026-09-06,1,01:11:10.263981,-1,Removed
Sha Tin,沙田區,Yuen Wo Road Sports Centre,源禾路體育館,"No.8 Yuen Wo Road, Sha Tin, N.T.",新界沙田源禾路8號,2604 5987/2602 4042,114.19256634,22.38293835,Badminton Court (NT),羽毛球場 (新界區),Arena,主場,2026-09-10,13:00,14:00,2026-09-06,3,01:11:10.263981,-1,Removed
Tai Po,大埔區,Tai Po Hui Sports Centre,大埔墟體育館,"6/F, Tai Po Complex, No.8 Heung Sze Wui Street, Tai Po,N.T.",大埔鄉事會街八號大埔綜合大樓六樓,31839011,114.16657675,22.44612511,Badminton Court (NT),羽毛球場 (新界區),Arena,主場,2026-09-08,11:00,12:00,2026-09-06,0,01:11:10.263981,-1,Removed
Tai Po,大埔區,Tai Po Hui Sports Centre,大埔墟體育館,"6/F, Tai Po Complex, No.8 Heung Sze Wui Street, Tai Po,N.T.",大埔鄉事會街八號大埔綜合大樓六樓,31839011,114.16657675,22.44612511,Badminton Court (NT),羽毛球場 (新界區),Arena,主場,2026-09-08,12:00,13:00,2026-09-06,3,01:11:10.263981,-1,Removed
Tsuen Wan,荃灣區,Tsuen King Circuit Sports Centre,荃景圍體育館,"38 Mei Wan Street, Tsuen Wan, N.T.",新界荃灣美環街38號,2405 6960,114.11124447,22.37767005,Badminton Court (NT),羽毛球場 (新界區),Arena,主場,2026-09-10,12:00,13:00,2026-09-06,1,01:11:10.263981,-1,Removed
Tsuen Wan,荃灣區,Tsuen Wan Sports Centre (adjacent to Tsuen Wan West Station),荃灣體育館 (毗鄰荃灣西站),"53 Wing Shun Street, Tsuen Wan",荃灣永順街53號,2392 9570,114.11264,22.36596,Badminton Court (NT),羽毛球場 (新界區),Secondary Hall (G/F),副場 (地下),2026-09-11,07:00,08:00,2026-09-06,0,01:11:10.263981,-4,Removed
Tuen Mun,屯門區,JC Tuen Mun Butterfly Beach Sports Centre,賽馬會屯門蝴蝶灣體育館,"11 Wu Shan Road, Tuen Mun, N.T.",新界屯門湖山路11號,2465 7610,113.96469987,22.37869116,Badminton Court (NT),羽毛球場 (新界區),Arena,主場,2026-09-11,14:00,15:00,2026-09-06,7,01:11:10.263981,4,Added
Tuen Mun,屯門區,JC Tuen Mun Butterfly Beach Sports Centre,賽馬會屯門蝴蝶灣體育館,"11 Wu Shan Road, Tuen Mun, N.T.",新界屯門湖山路11號,2465 7610,113.96469987,22.37869116,Badminton Court (NT),羽毛球場 (新界區),Arena,主場,2026-09-11,15:00,16:00,2026-09-06,5,01:11:10.263981,4,Added
Sha Tin,沙田區,Hin Keng Sports Centre (Non-air-conditioned in Arena),顯徑體育館 (主場非備空調),"Hin Keng Commercial Centre, Hin Keng Estate, Sha Tin, N.T.",新界沙田顯徑邨顯徑商場,2605 8407,114.17134025,22.36307184,Badminton Court (NT),羽毛球場 (新界區),Arena,主場,2026-09-11,14:00,15:00,2026-09-06,2,01:16:00.777597,1,Added
Tai Po,大埔區,Tai Po Hui Sports Centre,大埔墟體育館,"6/F, Tai Po Complex, No.8 Heung Sze Wui Street, Tai Po,N.T.",大埔鄉事會街八號大埔綜合大樓六樓,31839011,114.16657675,22.44612511,Badminton Court (NT),羽毛球場 (新界區),Arena,主場,2026-09-08,09:00,10:00,2026-09-06,2,01:16:00.777597,-1,Removed
Tai Po,大埔區,Tai Po Hui Sports Centre,大埔墟體育館,"6/F, Tai Po Complex, No.8 Heung Sze Wui Street, Tai Po,N.T.",大埔鄉事會街八號大埔綜合大樓六樓,31839011,114.16657675,22.44612511,Badminton Court (NT),羽毛球場 (新界區),Arena,主場,2026-09-08,10:00,11:00,2026-09-06,1,01:16:00.777597,-1,Removed
Central & Western,中西區,Sun Yat Sen Memorial Park Sports Centre,中山紀念公園體育館,"18 Eastern Street North, Sai Ying Pun",西營盤東邊街北18號,28582493,114.14349277,22.29017362,Badminton Court (A/C)(Urban),羽毛球場 (空調)(市區),Arena,主場,2026-09-11,07:00,08:00,2026-09-06,4,01:21:06.416093,4,Added
Kwai Tsing,葵青區,North Kwai Chung Tang Shiu Kin Sports Centre,北葵涌鄧肇堅體育館,"292 Wo Yi Hop Road, Kwai Chung, N.T.",新界葵涌和宜合道292號,2426 3269,114.13753056,22.37367805,Badminton Court (NT),羽毛球場 (新界區),Arena,主場,2026-09-11,11:00,12:00,2026-09-06,3,01:21:06.416093,1,Added
Kwai Tsing,葵青區,North Kwai Chung Tang Shiu Kin Sports Centre,北葵涌鄧肇堅體育館,"292 Wo Yi Hop Road, Kwai Chung, N.T.",新界葵涌和宜合道292號,2426 3269,114.13753056,22.37367805,Badminton Court (NT),羽毛球場 (新界區),Arena,主場,2026-09-11,12:00,13:00,2026-09-06,2,01:21:06.416093,1,Added
Tai Po,大埔區,Tai Po Hui Sports Centre,大埔墟體育館,"6/F, Tai Po Complex, No.8 Heung Sze Wui Street, Tai Po,N.T.",大埔鄉事會街八號大埔綜合大樓六樓,31839011,114.16657675,22.44612511,Badminton Court (NT),羽毛球場 (新界區),Arena,主場,2026-09-08,08:00,09:00,2026-09-06,3,01:21:06.416093,-1,Removed
Kowloon City,九龍城區,Fat Kwong Street Sports Centre,佛光街體育館,"9/F, 18 Shepherd Road, Ho Man Tin, Kowloon",九龍何文田牧愛街十八號九樓,2712 2652,114.18110602,22.31483056,Badminton Court (Urban),羽毛球場 (市區),Arena,主場,2026-09-11,08:00,09:00,2026-09-06,4,01:25:57.923354,-4,Removed
Kowloon City,九龍城區,Fat Kwong Street Sports Centre,佛光街體育館,"9/F, 18 Shepherd Road, Ho Man Tin, Kowloon",九龍何文田牧愛街十八號九樓,2712 2652,114.18110602,22.31483056,Badminton Court (Urban),羽毛球場 (市區),Arena,主場,2026-09-11,09:00,10:00,2026-09-06,4,01:25:57.923354,-4,Removed
Kwun Tong,觀塘區,Choi Wing Road Sports Centre,彩榮路體育館,"58 Choi Wing Road, Kwun Tong",觀塘彩榮路58號,2721 5918,114.21651896,22.3293498,Badminton Court (A/C)(Urban),羽毛球場 (空調)(市區),Arena,主場,2026-09-11,15:00,16:00,2026-09-06,1,01:25:57.923354,-1,Removed
Tsuen Wan,荃灣區,Tsuen Wan Sports Centre (adjacent to Tsuen Wan West Station),荃灣體育館 (毗鄰荃灣西站),"53 Wing Shun Street, Tsuen Wan",荃灣永順街53號,2392 9570,114.11264,22.36596,Badminton Court (NT),羽毛球場 (新界區),Secondary Hall (G/F),副場 (地下),2026-09-11,07:00,08:00,2026-09-06,4,01:25:57.923354,4,Added
Kwun Tong,觀塘區,Choi Wing Road Sports Centre,彩榮路體育館,"58 Choi Wing Road, Kwun Tong",觀塘彩榮路58號,2721 5918,114.21651896,22.3293498,Badminton Court (A/C)(Urban),羽毛球場 (空調)(市區),Arena,主場,2026-09-11,15:00,16:00,2026-09-06,2,01:31:05.827835,1,Added
Sha Tin,沙田區,Che Kung Temple Sports Centre,車公廟體育館,"No.10 Sha Tin Tau Road, Sha Tin, New Territories.",新界沙田沙田頭路10號,2790 0221,114.1859786,22.372535,Badminton Court (NT),羽毛球場 (新界區),Arena,主場,2026-09-11,09:00,10:00,2026-09-06,1,01:31:05.827835,1,Added
Kwun Tong,觀塘區,Choi Wing Road Sports Centre,彩榮路體育館,"58 Choi Wing Road, Kwun Tong",觀塘彩榮路58號,2721 5918,114.21651896,22.3293498,Badminton Court (A/C)(Urban),羽毛球場 (空調)(市區),Arena,主場,2026-09-07,15:00,16:00,2026-09-06,0,01:35:55.391518,-1,Removed
Kwun Tong,觀塘區,Choi Wing Road Sports Centre,彩榮路體育館,"58 Choi Wing Road, Kwun Tong",觀塘彩榮路58號,2721 5918,114.21651896,22.3293498,Badminton Court (A/C)(Urban),羽毛球場 (空調)(市區),Arena,主場,2026-09-07,15:00,16:00,2026-09-06,1,01:46:05.742739,1,Added
Kwun Tong,觀塘區,Hiu Kwong Street Sports Centre,曉光街體育館,"2 Hiu Kwong Street, Kwun Tong, Kowloon",九龍觀塘曉光街2號,2347 0384,114.22769495,22.3197985,Badminton Court (A/C)(Urban),羽毛球場 (空調)(市區),Arena,主場,2026-09-11,15:00,16:00,2026-09-06,2,01:46:05.742739,-1,Removed
Tuen Mun,屯門區,Siu Lun Sports Centre,兆麟體育館,"2/F-5/F, 19 Siu Lun Street, Tuen Mun Siu Lun Government Complex, Tuen Mun",屯門兆麟街19號屯門兆麟政府綜合大樓2至5樓,2659 2311,113.9792,22.38425,Badminton Court (NT),羽毛球場 (新界區),Arena (5/F),主場 (5 樓),2026-09-11,16:00,17:00,2026-09-06,1,01:46:05.742739,-1,Removed
Tuen Mun,屯門區,Siu Lun Sports Centre,兆麟體育館,"2/F-5/F, 19 Siu Lun Street, Tuen Mun Siu Lun Government Complex, Tuen Mun",屯門兆麟街19號屯門兆麟政府綜合大樓2至5樓,2659 2311,113.9792,22.38425,Badminton Court (NT),羽毛球場 (新界區),Arena (5/F),主場 (5 樓),2026-09-11,17:00,18:00,2026-09-06,0,01:46:05.742739,-1,Removed
Kwun Tong,觀塘區,Hiu Kwong Street Sports Centre,曉光街體育館,"2 Hiu Kwong Street, Kwun Tong, Kowloon",九龍觀塘曉光街2號,2347 0384,114.22769495,22.3197985,Badminton Court (A/C)(Urban),羽毛球場 (空調)(市區),Arena,主場,2026-09-11,15:00,16:00,2026-09-06,3,01:56:04.599103,1,Added
Tai Po,大埔區,Tung Cheong Street Sports Centre,東昌街體育館,"3/F., Tai Po Tung Cheong Street Leisure Building, Tung Cheong Street, Tai Po, New Territories",新界大埔東昌街大埔東昌街康體大樓3樓,2691 2055,114.17015,22.44992,Badminton Court (NT),羽毛球場 (新界區),Arena,主場,2026-09-07,07:00,08:00,2026-09-06,3,01:56:04.599103,-4,Removed
Tai Po,大埔區,Tung Cheong Street Sports Centre,東昌街體育館,"3/F., Tai Po Tung Cheong Street Leisure Building, Tung Cheong Street, Tai Po, New Territories",新界大埔東昌街大埔東昌街康體大樓3樓,2691 2055,114.17015,22.44992,Badminton Court (NT),羽毛球場 (新界區),Arena,主場,2026-09-07,08:00,09:00,2026-09-06,2,01:56:04.599103,-4,Removed
Yuen Long,元朗區 ,Tin Fai Road Sports Centre,天暉路體育館,"63 Tin Shui Road, Tin Shui Wai, N.T.",新界天水圍天瑞路63號,2473 0229,113.99702,22.4648,Badminton Court (NT),羽毛球場 (新界區),Arena,主場,2026-09-11,07:00,08:00,2026-09-06,4,02:01:18.700868,-4,Removed
Sha Tin,沙田區,Heng On Sports Centre (Non-air-conditioned in Arena),恆安體育館 (主場非備空調),"4/F., Heng On Commercial Centre, Heng On Estate, Sha Tin, N.T.",新界沙田恆安邨恆安商場四樓,2642 0203,114.22751,22.41704,Badminton Court (NT),羽毛球場 (新界區),Arena,主場,2026-09-09,12:00,13:00,2026-09-06,0,02:06:21.178267,-3,Removed
Sha Tin,沙田區,Heng On Sports Centre (Non-air-conditioned in Arena),恆安體育館 (主場非備空調),"4/F., Heng On Commercial Centre, Heng On Estate, Sha Tin, N.T.",新界沙田恆安邨恆安商場四樓,2642 0203,114.22751,22.41704,Badminton Court (NT),羽毛球場 (新界區),Arena,主場,2026-09-09,13:00,14:00,2026-09-06,0,02:06:21.178267,-3,Removed
Yuen Long,元朗區 ,Tin Fai Road Sports Centre,天暉路體育館,"63 Tin Shui Road, Tin Shui Wai, N.T.",新界天水圍天瑞路63號,2473 0229,113.99702,22.4648,Badminton Court (NT),羽毛球場 (新界區),Arena,主場,2026-09-11,07:00,08:00,2026-09-06,8,02:06:21.178267,4,Added
